Day,Sales
1,1614.2395959782975
2,1573.832174926721
3,1581.7013357971966
4,1589.6098424720042
5,1597.2761420660372
6,1605.2625227721473
7,1613.2888353817673
8,1671.2977487700434
9,1629.462055973662
10,1637.6093662492256
11,1645.7974130761454
12,1653.7346915847547
13,1662.0033650383093
14,1670.31338185911
