Day,Sales
1,208.5422191285945
2,198.9822676218136
3,200.13927226819908
4,201.10950255151783
5,202.19971772146525
6,203.14530727983464
7,205.13121734096762
8,215.31211064557112
9,205.44181509968442
10,206.63637950722233
11,207.6381063085699
12,208.76371305755364
13,209.73999922381617
14,211.79037774477712
