Day,Sales
1,199.49236636657778
2,199.5164435054811
3,199.47334592143034
4,199.49250553148784
5,199.48990175134588
6,199.4878273307802
7,199.48943632424832
8,199.48893565787102
9,199.48891557006223
10,199.48901794063386
11,199.48896566075717
12,199.4889755454626
13,199.48897968659597
14,199.48897561904934
