Day,Sales
1,4789.3898652474545
2,4702.662991470073
3,4665.167233023595
4,4734.787082678872
5,4695.781253255391
6,4698.9476465224
7,4639.73975313196
8,4564.585742665763
9,4477.858868888381
10,4440.363110441904
11,4509.98296009718
12,4470.977130673698
13,4474.143523940708
14,4414.935630550268
