Day,Sales
1,4800.830160946392
2,4757.431929556587
3,4718.270033502812
4,4683.11172565278
5,4651.512771035375
6,4623.119616226463
7,4597.60570687681
8,4574.6793249674565
9,4554.078003296987
10,4535.565957417978
11,4518.931302291382
12,4503.9836435467905
13,4490.5518951026015
14,4478.482321589697
