Day,Sales
1,1211.31264965755
2,1125.8646663912662
3,1166.1518228655204
4,1168.2197642120366
5,1153.0715262847139
6,1162.5588021607036
7,1161.347324844016
8,1158.9229574249775
9,1160.968018067077
10,1160.4197146777424
11,1160.0903548639217
12,1160.499211552847
13,1160.3365528240577
14,1160.3063968814708
