Day,Sales
1,1547.9834234499533
2,1547.7292053832302
3,1547.7930132178558
4,1547.7769976772922
5,1547.7810175212667
6,1547.7800085546623
7,1547.7802618017076
8,1547.7801982375959
9,1547.7802141919628
10,1547.7802101874731
11,1547.7802111925857
12,1547.780210940306
13,1547.7802110036273
14,1547.7802109877339
