Day,Sales
1,1111.6282064499921
2,1076.8783828214564
3,987.2464550016816
4,1034.4056941183312
5,986.1828219860937
6,1276.9690232820944
7,974.7305834668049
8,1111.3030651971856
9,1076.5634055795335
10,986.9576942925291
11,1034.1031397558702
12,985.8943723800322
13,1276.5955213273794
14,974.4454835375134
